ID;Muskel;Weitere_Muskeln;Muskelgruppe_UI;Weitere_Muskelgruppen_UI;Übung;Equipment;Equipment_Normalisiert;Variationen;Aliase;Tracking_Typ;Übungstyp;Bewegungsmuster;Seitenmodus;Aktiv;Review_Status;Review_Hinweis
EX-0001;M. pectoralis major;;Brust;;Bankdrücken;Kurzhantel|Langhantel|Multipresse;Kurzhantel|Langhantel|Multipresse;Brustpresse|einarmige Maschinenpresse|flach/leicht negativ;;weight_reps;compound;horizontal_push;bilateral;true;auto_ok;
EX-0002;M. pectoralis major;;Brust;;Schrägbankdrücken;Kurzhantel|Langhantel|Multipresse;Kurzhantel|Langhantel|Multipresse;Schrägbrustpresse|verschiedene Bankwinkel;;weight_reps;compound;horizontal_push;bilateral;true;auto_ok;
EX-0003;M. pectoralis major;;Brust;;Negativbankdrücken;Kurzhantel|Langhantel|Multipresse;Kurzhantel|Langhantel|Multipresse;Negativ-Brustpresse;;weight_reps;compound;horizontal_push;bilateral;true;auto_ok;
EX-0004;M. pectoralis major;;Brust;;Liegestütz;Klimmzugstange|Bodenschutzmatte;Klimmzugstange|Bodenschutzmatte;Defizit|einarmig unterstützt|erhöht|Füße erhöht|gewichtet|Griffe|klassisch;;bodyweight_reps;compound;horizontal_push;bilateral;true;auto_ok;
EX-0005;M. pectoralis major;M. triceps brachii;Brust;Trizeps;Dips;Bank|Dipstangen|Maschine|Klimmzugstange;Bank|Dipstangen|Maschine|Klimmzugstange;Brustfokus|gewichtet|Trizepsfokus|unterstützt;Dips mit Brustfokus|Dips mit Trizepsfokus;weight_reps;compound;horizontal_push;bilateral;true;auto_ok;
EX-0006;M. pectoralis major;;Brust;;Brust-Fly;Single Kabelturm|Kurzhantel|Maschine|Klimmzugstange;Single Kabelturm|Kurzhantel|Maschine|Klimmzugstange;flach/schräg/negativ|Pec-Deck;;weight_reps;isolation;horizontal_push;variable;true;auto_ok;
EX-0007;M. pectoralis major;;Brust;;Kabel-Crossover;;Single Kabelturm;einarmig|hoch nach tief|horizontal|tief nach hoch;;weight_reps;isolation;horizontal_push;bilateral;true;prüfen;Equipment ergänzt: Single Kabelturm
EX-0008;M. pectoralis major;;Brust;;Svend Press / Plate Press;Single Kabelturm|Kurzhantel;Single Kabelturm|Kurzhantel;Hantelscheibe;;weight_reps;isolation;horizontal_push;bilateral;true;auto_ok;
EX-0009;M. pectoralis major;M. latissimus dorsi;Brust;Rücken;Pullover;Single Kabelturm|Kurzhantel|Langhantel|Maschine;Single Kabelturm|Kurzhantel|Langhantel|Maschine;Brustfokus;Pullover mit Brustfokus;weight_reps;isolation;shoulder_extension;bilateral;true;auto_ok;
EX-0010;M. pectoralis major;M. deltoideus Pars clavicularis;Brust;Schulter;Landmine Press;Langhantel;Langhantel;beidarmig|Brustfokus|einarmig|kniend|stehend;Landmine Press mit Brustfokus;weight_reps;compound;vertical_push;bilateral;true;auto_ok;
EX-0011;M. pectoralis minor;;Brust;;Scapular Push-up / Push-up Plus;Bank|Bodenschutzmatte|Klimmzugstange;Bank|Bodenschutzmatte|Klimmzugstange;gewichtet|Wand;;bodyweight_reps;compound;horizontal_push;bilateral;true;auto_ok;
EX-0012;M. pectoralis minor;;Brust;;Serratus-/Scapula-Dip;Dipstangen;Dipstangen;Dipmaschine|Stütz auf Bank;;bodyweight_reps;isolation;vertical_pull;bilateral;true;prüfen;Klassifikation fachlich gegen gewünschte Library-Logik prüfen
EX-0013;M. pectoralis minor;;Brust;;Gerader Armzug nach unten mit Schulterblattdepression;Single Kabelturm|Maschine;Single Kabelturm|Maschine;Widerstandsband;;weight_reps;isolation;vertical_pull;bilateral;true;prüfen;Klassifikation fachlich gegen gewünschte Library-Logik prüfen
EX-0014;M. pectoralis minor;;Brust;;Isometrische Schulterblattdepression im Stütz;Dipstangen|Klimmzugstange;Dipstangen|Klimmzugstange;;;time;isometric;vertical_pull;bilateral;true;prüfen;Klassifikation fachlich gegen gewünschte Library-Logik prüfen
EX-0015;M. pectoralis minor;;Brust;;Überkopf-Pulldown mit gestreckten Armen;Single Kabelturm|Maschine;Single Kabelturm|Maschine;Band;;weight_reps;isolation;vertical_pull;bilateral;true;prüfen;Klassifikation fachlich gegen gewünschte Library-Logik prüfen
EX-0016;M. deltoideus Pars acromialis;;Schulter;;Seitheben;Single Kabelturm|Kurzhantel|Maschine;Single Kabelturm|Kurzhantel|Maschine;einarmig|Lean-away|sitzend/stehend|Widerstandsband;;weight_reps;isolation;shoulder_abduction;variable;true;auto_ok;
EX-0017;M. deltoideus Pars acromialis;;Schulter;;Aufrechtes Rudern;Single Kabelturm|Kurzhantel|Langhantel|Maschine|SZ-Stange;Single Kabelturm|Kurzhantel|Langhantel|Maschine|SZ-Stange;breiter Griff;;weight_reps;compound;shoulder_abduction;bilateral;true;auto_ok;
EX-0018;M. deltoideus Pars acromialis;;Schulter;;Schulterdrücken mit abduzierten Armen;Kurzhantel|Langhantel|Maschine|Multipresse;Kurzhantel|Langhantel|Maschine|Multipresse;Arnold Press;;weight_reps;compound;vertical_push;bilateral;true;auto_ok;
EX-0019;M. deltoideus Pars acromialis;;Schulter;;High Incline Lateral Raise;Single Kabelturm|Kurzhantel;Single Kabelturm|Kurzhantel;;;weight_reps;isolation;shoulder_abduction;bilateral;true;auto_ok;
EX-0020;M. deltoideus Pars acromialis;;Schulter;;Lu Raise;Single Kabelturm|Kurzhantel;Single Kabelturm|Kurzhantel;Hantelscheibe;;weight_reps;isolation;shoulder_abduction;bilateral;true;auto_ok;
EX-0021;M. deltoideus Pars acromialis;;Schulter;;Iron Cross Hold;Single Kabelturm|Kurzhantel|Klimmzugstange;Single Kabelturm|Kurzhantel|Klimmzugstange;;;weight_time;isometric;shoulder_abduction;bilateral;true;auto_ok;
EX-0022;M. deltoideus Pars clavicularis;;Schulter;;Frontheben;Single Kabelturm|Kurzhantel|Langhantel|SZ-Stange;Single Kabelturm|Kurzhantel|Langhantel|SZ-Stange;alternierend/einarmig|Band|Hantelscheibe;;weight_reps;isolation;shoulder_flexion;variable;true;auto_ok;
EX-0023;M. deltoideus Pars clavicularis;;Schulter;;Schulterdrücken;Kurzhantel|Langhantel|Maschine|Multipresse;Kurzhantel|Langhantel|Maschine|Multipresse;Arnold Press|Landmine;;weight_reps;compound;vertical_push;bilateral;true;auto_ok;
EX-0024;M. deltoideus Pars clavicularis;;Schulter;;Schrägbankdrücken mit hohem Winkel;Kurzhantel|Langhantel|Maschine|Multipresse;Kurzhantel|Langhantel|Maschine|Multipresse;;;weight_reps;compound;horizontal_push;bilateral;true;auto_ok;
EX-0025;M. deltoideus Pars clavicularis;;Schulter;;Reverse-Grip Bench Press;Langhantel|Multipresse;Langhantel|Multipresse;;;weight_reps;isolation;horizontal_push;bilateral;true;auto_ok;
EX-0026;M. deltoideus Pars clavicularis;;Schulter;;Cable Y-Raise nach vorn;;Single Kabelturm;Bank-gestützt|beidarmig|einarmig;;weight_reps;isolation;vertical_push;bilateral;true;prüfen;Equipment ergänzt: Single Kabelturm
EX-0027;M. deltoideus Pars spinalis;;Schulter;;Reverse Fly;Single Kabelturm|Kurzhantel|Maschine;Single Kabelturm|Kurzhantel|Maschine;Band|brustgestützt|Reverse-Pec-Deck;;weight_reps;isolation;shoulder_retraction;variable;true;auto_ok;
EX-0028;M. deltoideus Pars spinalis;;Schulter;;Face Pull;;Single Kabelturm;Band|mit Außenrotation|Seil|verschiedene Zughöhen;;weight_reps;isolation;shoulder_retraction;bilateral;true;prüfen;Equipment ergänzt: Single Kabelturm
EX-0029;M. deltoideus Pars spinalis;;Schulter;;Rear-Delt Row;Single Kabelturm|Kurzhantel|Langhantel|Maschine;Single Kabelturm|Kurzhantel|Langhantel|Maschine;breite Ellenbogenführung|brustgestützt;;weight_reps;compound;horizontal_pull;bilateral;true;auto_ok;
EX-0030;M. deltoideus Pars spinalis;;Schulter;;High Row mit breiten Ellenbogen;Single Kabelturm;Single Kabelturm;Band|Plate-loaded Maschine;;weight_reps;compound;horizontal_pull;bilateral;true;auto_ok;
EX-0031;M. deltoideus Pars spinalis;;Schulter;;Rear-Delt Swing;Kurzhantel;Kurzhantel;Bauchlage/Schrägbank;;weight_reps;isolation;shoulder_abduction;bilateral;true;auto_ok;
EX-0032;M. deltoideus Pars spinalis;;Schulter;;W-Raise / Prone W;Single Kabelturm|Kurzhantel;Single Kabelturm|Kurzhantel;Band;;weight_reps;isolation;shoulder_retraction;bilateral;true;auto_ok;
EX-0033;M. deltoideus Pars spinalis;;Schulter;;Reverse Cable Crossover;;Single Kabelturm;einarmig|stehend|vorgebeugt;;weight_reps;isolation;shoulder_retraction;bilateral;true;prüfen;Equipment ergänzt: Single Kabelturm
EX-0034;M. biceps brachii;;Bizeps/Armbeuger;;Bizepscurl;Single Kabelturm|Kurzhantel|Langhantel|Maschine|SZ-Stange;Single Kabelturm|Kurzhantel|Langhantel|Maschine|SZ-Stange;stehend/sitzend;;weight_reps;isolation;elbow_flexion;variable;true;auto_ok;
EX-0035;M. biceps brachii;;Bizeps/Armbeuger;;Schrägbankcurl;Single Kabelturm|Kurzhantel;Single Kabelturm|Kurzhantel;;;weight_reps;isolation;elbow_flexion;variable;true;auto_ok;
EX-0036;M. biceps brachii;;Bizeps/Armbeuger;;Scottcurl / Preachercurl;Single Kabelturm|Kurzhantel|Langhantel|Maschine|SZ-Stange;Single Kabelturm|Kurzhantel|Langhantel|Maschine|SZ-Stange;einarmig;;weight_reps;isolation;elbow_flexion;variable;true;auto_ok;
EX-0037;M. biceps brachii;;Bizeps/Armbeuger;;Spider Curl;Single Kabelturm|Kurzhantel|SZ-Stange;Single Kabelturm|Kurzhantel|SZ-Stange;;;weight_reps;isolation;elbow_flexion;variable;true;auto_ok;
EX-0038;M. biceps brachii;;Bizeps/Armbeuger;;Bayesian Curl;Single Kabelturm;Single Kabelturm;Band|einarmig/beidarmig;;weight_reps;isolation;elbow_flexion;variable;true;auto_ok;
EX-0039;M. biceps brachii;;Bizeps/Armbeuger;;Konzentrationscurl;Single Kabelturm|Kurzhantel;Single Kabelturm|Kurzhantel;;;weight_reps;isolation;elbow_flexion;variable;true;auto_ok;
EX-0040;M. biceps brachii;;Bizeps/Armbeuger;;Drag Curl;Single Kabelturm|Kurzhantel|Langhantel|SZ-Stange;Single Kabelturm|Kurzhantel|Langhantel|SZ-Stange;;;weight_reps;isolation;elbow_flexion;variable;true;auto_ok;
EX-0041;M. biceps brachii;M. brachialis|M. latissimus dorsi;Bizeps/Armbeuger;Bizeps/Armbeuger|Rücken;Klimmzug;Eigengewicht|Klimmzugstange;Eigengewicht|Klimmzugstange;breit/eng|gewichtet|Neutralgriff|Obergriff|Untergriff|unterstützt;Chin-up mit Untergriff|Klimmzug / Chin-up|Neutralgriff-Klimmzug;bodyweight_reps;compound;vertical_pull;bilateral;true;auto_ok;
EX-0042;M. biceps brachii;;Bizeps/Armbeuger;;Supinationscurl;Single Kabelturm|Kurzhantel;Single Kabelturm|Kurzhantel;Band;;weight_reps;isolation;forearm_rotation;variable;true;auto_ok;
EX-0043;M. brachialis;;Bizeps/Armbeuger;;Hammercurl;Kurzhantel|Maschine;Kurzhantel|Maschine;Band|Seil am Kabel;;weight_reps;isolation;elbow_flexion;variable;true;auto_ok;
EX-0044;M. brachialis;;Bizeps/Armbeuger;;Reverse Curl;Single Kabelturm|Kurzhantel|Langhantel|SZ-Stange;Single Kabelturm|Kurzhantel|Langhantel|SZ-Stange;;;weight_reps;isolation;elbow_flexion;variable;true;auto_ok;
EX-0045;M. brachialis;;Bizeps/Armbeuger;;Cross-body Hammercurl;Single Kabelturm|Kurzhantel;Single Kabelturm|Kurzhantel;;;weight_reps;isolation;elbow_flexion;unilateral;true;auto_ok;
EX-0046;M. brachialis;;Bizeps/Armbeuger;;Zottman Curl;Single Kabelturm|Kurzhantel;Single Kabelturm|Kurzhantel;;;weight_reps;isolation;elbow_flexion;variable;true;auto_ok;
EX-0047;M. brachialis;;Bizeps/Armbeuger;;Preacher Hammercurl;Kurzhantel|Maschine;Kurzhantel|Maschine;Seil/Kabelzug;;weight_reps;isolation;elbow_flexion;variable;true;auto_ok;
EX-0048;M. triceps brachii;;Trizeps;;Trizepsdrücken am Kabel;;Single Kabelturm;einarmig|Seil|Stange|Untergriff|V-Griff;;weight_reps;isolation;elbow_extension;bilateral;true;prüfen;Equipment ergänzt: Single Kabelturm
EX-0049;M. triceps brachii;;Trizeps;;Überkopf-Trizepsstrecken;Single Kabelturm|Kurzhantel|SZ-Stange;Single Kabelturm|Kurzhantel|SZ-Stange;Band|ein-/beidarmig|Seil;;weight_reps;isolation;elbow_extension;bilateral;true;auto_ok;
EX-0050;M. triceps brachii;;Trizeps;;French Press / Skull Crusher;Single Kabelturm|Kurzhantel|Langhantel|SZ-Stange;Single Kabelturm|Kurzhantel|Langhantel|SZ-Stange;flach/schräg/negativ;;weight_reps;isolation;elbow_extension;bilateral;true;auto_ok;
EX-0051;M. triceps brachii;;Trizeps;;Enges Bankdrücken;Kurzhantel|Langhantel|Multipresse;Kurzhantel|Langhantel|Multipresse;;;weight_reps;compound;horizontal_push;bilateral;true;auto_ok;
EX-0052;M. triceps brachii;;Trizeps;;Diamond Push-up;Bodenschutzmatte;Bodenschutzmatte;erhöht|gewichtet;;bodyweight_reps;compound;horizontal_push;bilateral;true;auto_ok;
EX-0053;M. triceps brachii;;Trizeps;;JM Press;Langhantel|Multipresse;Langhantel|Multipresse;;;weight_reps;isolation;horizontal_push;bilateral;true;auto_ok;
EX-0054;M. triceps brachii;;Trizeps;;Tate Press;Single Kabelturm|Kurzhantel;Single Kabelturm|Kurzhantel;;;weight_reps;isolation;horizontal_push;bilateral;true;auto_ok;
EX-0055;M. triceps brachii;;Trizeps;;Kickback;Single Kabelturm|Kurzhantel;Single Kabelturm|Kurzhantel;Band;;weight_reps;isolation;elbow_extension;variable;true;auto_ok;
EX-0056;M. triceps brachii;;Trizeps;;Bodyweight Triceps Extension;Bank|Klimmzugstange;Bank|Klimmzugstange;Langhantel im Rack|TRX;;bodyweight_reps;isolation;elbow_extension;bilateral;true;auto_ok;
EX-0057;M. flexor carpi radialis;;Unterarme;;Handgelenkcurl in Flexion;Single Kabelturm|Kurzhantel|Langhantel|Maschine;Single Kabelturm|Kurzhantel|Langhantel|Maschine;einarmig/beidarmig;;weight_reps;isolation;wrist_flexion;variable;true;auto_ok;
EX-0058;M. flexor carpi radialis;;Unterarme;;Radialdeviation des Handgelenks;Single Kabelturm;Single Kabelturm;Band|Kurzhantel/Hammer;;weight_reps;isolation;wrist_flexion;bilateral;true;auto_ok;
EX-0059;M. flexor carpi radialis;;Unterarme;;Wrist-Roller in Flexionsrichtung;;Wrist Roller;Kabelgerät|Seilrolle;;reps_only;isolation;wrist_flexion;bilateral;true;prüfen;"Equipment ergänzt: Wrist Roller; Tracking-Typ fachlich prüfen"
EX-0060;M. flexor carpi radialis;;Unterarme;;Hebel-Curl mit radialer Abweichung;;Hebel/Hammer;Hammer/Macebell|Kurzhantel einseitig beladen;;reps_only;isolation;wrist_flexion;variable;true;prüfen;"Equipment ergänzt: Hebel/Hammer; Tracking-Typ fachlich prüfen"
EX-0061;M. flexor carpi radialis;;Unterarme;;Isometrischer Handgelenk-Flexionshalt;Single Kabelturm|Kurzhantel;Single Kabelturm|Kurzhantel;Band;;weight_time;isometric;wrist_flexion;bilateral;true;auto_ok;
EX-0062;M. flexor carpi ulnaris;;Unterarme;;Ulnardeviation des Handgelenks;Single Kabelturm;Single Kabelturm;Band|Kurzhantel/Hammer;;weight_reps;isolation;wrist_flexion;bilateral;true;auto_ok;
EX-0063;M. flexor carpi ulnaris;;Unterarme;;Hebelbewegung zur Ulnarseite;;Hebel/Hammer;Hammer/Macebell|Kurzhantel einseitig beladen;;weight_reps;isolation;wrist_extension;bilateral;true;prüfen;Equipment ergänzt: Hebel/Hammer
EX-0064;M. flexor carpi ulnaris;;Unterarme;;Isometrischer Handgelenk-Flexionshalt mit Ulnardeviation;Single Kabelturm|Kurzhantel;Single Kabelturm|Kurzhantel;Band;;weight_time;isometric;wrist_flexion;bilateral;true;auto_ok;
EX-0065;M. brachioradialis;M. latissimus dorsi;Bizeps/Armbeuger;Rücken;Seilklettern / Seilziehen;;Seil;Klettern|Schlitten-Seilzug|Schlittenzug|sitzend|sitzender Seilzug|stehend;Rope Climb / Seilziehen|Seil-Klettern / Rope Pull;distance_time;isolation;grip;bilateral;true;prüfen;"Equipment ergänzt: Seil; Tracking-Typ fachlich prüfen"
EX-0066;M. extensor digitorum;;Unterarme;;Fingerextension gegen Widerstand;;Widerstandsband;Finger-Extensor-Trainer|Gummiband um Finger|Therapieknete;;reps_only;isolation;wrist_extension;bilateral;true;prüfen;"Equipment ergänzt: Widerstandsband; Tracking-Typ fachlich prüfen"
EX-0067;M. extensor digitorum;;Unterarme;;Reverse Wrist Curl;Single Kabelturm|Kurzhantel|Langhantel|Maschine;Single Kabelturm|Kurzhantel|Langhantel|Maschine;;;weight_reps;isolation;wrist_flexion;variable;true;auto_ok;
EX-0068;M. extensor digitorum;;Unterarme;;Wrist-Roller in Extensionsrichtung;;Wrist Roller;Kabelgerät|Seilrolle;;reps_only;isolation;wrist_extension;bilateral;true;prüfen;"Equipment ergänzt: Wrist Roller; Tracking-Typ fachlich prüfen"
EX-0069;M. extensor digitorum;;Unterarme;;Fingeröffnung im Reiskübel;;Reiskübel;Reis/Sand|verschiedene Handpositionen;;reps_only;isolation;wrist_extension;bilateral;true;prüfen;"Equipment ergänzt: Reiskübel; Tracking-Typ fachlich prüfen"
EX-0070;M. extensor digitorum;;Unterarme;;Isometrische Fingerextension;;Widerstandsband;Band|manuelle Gegenkraft|Therapieknete;;time;isometric;wrist_extension;bilateral;true;prüfen;Equipment ergänzt: Widerstandsband
EX-0071;M. extensor digiti minimi;;Unterarme;;Kleinfingerextension gegen Widerstand;;Widerstandsband;Gummiband|Mini-Band|Therapieknete;;reps_only;isolation;wrist_extension;bilateral;true;prüfen;"Equipment ergänzt: Widerstandsband; Tracking-Typ fachlich prüfen"
EX-0072;M. extensor digiti minimi;;Unterarme;;Kleinfinger-Abspreizen und Strecken in Therapieknete;;Therapieknete;elastisches Band|Knete;;reps_only;isolation;wrist_extension;bilateral;true;prüfen;"Equipment ergänzt: Therapieknete; Tracking-Typ fachlich prüfen"
EX-0073;M. extensor digiti minimi;;Unterarme;;Reverse Wrist Curl mit betonter Ulnarseite;Single Kabelturm|Kurzhantel;Single Kabelturm|Kurzhantel;;;weight_reps;isolation;wrist_flexion;variable;true;auto_ok;
EX-0074;M. extensor digiti minimi;;Unterarme;;Isometrische Kleinfingerextension;;Widerstandsband;Band|manuelle Gegenkraft;;time;isometric;wrist_extension;bilateral;true;prüfen;Equipment ergänzt: Widerstandsband
EX-0075;M. extensor carpi ulnaris;;Unterarme;;Ulnardeviation in Handgelenkextension;Single Kabelturm;Single Kabelturm;Band|Kurzhantel/Hammer;;weight_reps;isolation;wrist_flexion;bilateral;true;auto_ok;
EX-0076;M. extensor carpi ulnaris;;Unterarme;;Hebelbewegung zur Ulnarseite in Pronationsstellung;;Hebel/Hammer;einseitig beladene Kurzhantel|Hammer/Macebell;;weight_reps;isolation;forearm_rotation;bilateral;true;prüfen;Equipment ergänzt: Hebel/Hammer
EX-0077;M. extensor carpi ulnaris;;Unterarme;;Isometrische Handgelenkextension mit Ulnardeviation;Single Kabelturm;Single Kabelturm;Band|manuelle Gegenkraft;;weight_time;isometric;wrist_flexion;bilateral;true;auto_ok;
EX-0078;M. supinator;;Unterarme;;Unterarm-Supination gegen Widerstand;Single Kabelturm;Single Kabelturm;Band|Kurzhantel/Hammer|Unterarmtrainer;;reps_only;isolation;forearm_rotation;bilateral;true;prüfen;Tracking-Typ fachlich prüfen
EX-0079;M. supinator;;Unterarme;;Hebel-Supination mit Hammer;;Hebel/Hammer;einseitig beladene Kurzhantel|Macebell;;reps_only;isolation;forearm_rotation;bilateral;true;prüfen;"Equipment ergänzt: Hebel/Hammer; Tracking-Typ fachlich prüfen"
EX-0080;M. supinator;;Unterarme;;Isometrische Supination;Single Kabelturm;Single Kabelturm;Band|manuelle Gegenkraft;;weight_time;isometric;forearm_rotation;bilateral;true;auto_ok;
EX-0081;M. supinator;;Unterarme;;Zottman Curl mit kontrollierter Supination;Single Kabelturm|Kurzhantel;Single Kabelturm|Kurzhantel;;;weight_reps;isolation;forearm_rotation;variable;true;auto_ok;
EX-0082;M. pronator teres;;Unterarme;;Unterarm-Pronation gegen Widerstand;Single Kabelturm;Single Kabelturm;Band|Kurzhantel/Hammer|Unterarmtrainer;;reps_only;isolation;forearm_rotation;bilateral;true;prüfen;Tracking-Typ fachlich prüfen
EX-0083;M. pronator teres;;Unterarme;;Hebel-Pronation mit Hammer;;Hebel/Hammer;einseitig beladene Kurzhantel|Macebell;;reps_only;isolation;forearm_rotation;bilateral;true;prüfen;"Equipment ergänzt: Hebel/Hammer; Tracking-Typ fachlich prüfen"
EX-0084;M. pronator teres;;Unterarme;;Isometrische Pronation;Single Kabelturm;Single Kabelturm;Band|manuelle Gegenkraft;;weight_time;isometric;forearm_rotation;bilateral;true;auto_ok;
EX-0085;M. pronator teres;;Unterarme;;Zottman Curl mit kontrollierter Pronation;Single Kabelturm|Kurzhantel;Single Kabelturm|Kurzhantel;;;weight_reps;isolation;forearm_rotation;variable;true;auto_ok;
EX-0086;M. pronator teres;;Unterarme;;Pronations-Wrist-Roller;;Wrist Roller;Seilrolle|Unterarmgerät;;reps_only;isolation;forearm_rotation;bilateral;true;prüfen;"Equipment ergänzt: Wrist Roller; Tracking-Typ fachlich prüfen"
EX-0087;M. trapezius;;Rücken;;Shrug;Single Kabelturm|Kurzhantel|Langhantel|Maschine|Multipresse|Trap(Hex) Bar;Single Kabelturm|Kurzhantel|Langhantel|Maschine|Multipresse|Trap(Hex) Bar;einarmig;;weight_reps;isolation;shoulder_elevation;bilateral;true;auto_ok;
EX-0088;M. trapezius;;Rücken;;Farmer Carry;Kettlebell|Kurzhantel|Trap(Hex) Bar;Kettlebell|Kurzhantel|Trap(Hex) Bar;einarmiger Suitcase Carry|Farmers Handles;;weight_distance;carry;carry;bilateral;true;auto_ok;
EX-0089;M. trapezius;;Rücken;;High Row;Single Kabelturm|Maschine;Single Kabelturm|Maschine;Band|brustgestützt;;weight_reps;compound;horizontal_pull;bilateral;true;auto_ok;
EX-0090;M. trapezius;;Rücken;;Y-Raise;Single Kabelturm|Kurzhantel|Schrägbank;Single Kabelturm|Kurzhantel|Schrägbank;Band;;weight_reps;isolation;horizontal_pull;bilateral;true;auto_ok;
EX-0091;M. trapezius;;Rücken;;Scapular Pull-up;Klimmzugstange;Klimmzugstange;unterstützt;;bodyweight_reps;isolation;vertical_pull;bilateral;true;auto_ok;
EX-0092;M. trapezius;;Rücken;;Overhead Carry;Kettlebell|Kurzhantel|Langhantel;Kettlebell|Kurzhantel|Langhantel;ein-/beidarmig;;weight_distance;carry;carry;bilateral;true;auto_ok;
EX-0093;M. trapezius;;Rücken;;Rack Pull;Langhantel|Multipresse|Trap(Hex) Bar;Langhantel|Multipresse|Trap(Hex) Bar;;;weight_reps;compound;hip_hinge;bilateral;true;auto_ok;
EX-0094;M. trapezius;MM. rhomboidei;Rücken;Rücken;Scapular Row / Kelso Shrug;Single Kabelturm|Kurzhantel|Langhantel|Maschine;Single Kabelturm|Kurzhantel|Langhantel|Maschine;;Kelso Shrug / Scapular Row;weight_reps;compound;shoulder_elevation;bilateral;true;auto_ok;
EX-0095;M. latissimus dorsi;;Rücken;;Latzug;;Single Kabelturm|Maschine;breit|einarmig|eng|Maschine/Kabelzug|neutral|Untergriff;;weight_reps;isolation;vertical_pull;bilateral;true;prüfen;Equipment ergänzt: Single Kabelturm|Maschine
EX-0096;M. latissimus dorsi;;Rücken;;Gerader Armzug / Straight-arm Pulldown;Single Kabelturm|Maschine;Single Kabelturm|Maschine;Band|Seil/Stange;;weight_reps;isolation;vertical_pull;bilateral;true;auto_ok;
EX-0097;M. latissimus dorsi;;Rücken;;Langhantelrudern mit Lat-Fokus;;Langhantel;klassisch|Pendlay|Untergriff|Yates Row;;weight_reps;compound;horizontal_pull;bilateral;true;prüfen;Equipment ergänzt: Langhantel
EX-0098;M. latissimus dorsi;;Rücken;;Einarmiges Rudern;Single Kabelturm|Kurzhantel|Maschine;Single Kabelturm|Kurzhantel|Maschine;Landmine;;weight_reps;compound;horizontal_pull;unilateral;true;auto_ok;
EX-0099;M. latissimus dorsi;;Rücken;;Kabelrudern mit engem Griff;;Single Kabelturm|Maschine;einarmig|neutral|Untergriff;;weight_reps;compound;horizontal_pull;bilateral;true;prüfen;Equipment ergänzt: Single Kabelturm|Maschine
EX-0100;M. latissimus dorsi;;Rücken;;T-Bar Row mit engem Griff;Maschine;Maschine;brustgestützt|Landmine;;weight_reps;compound;horizontal_pull;bilateral;true;auto_ok;
EX-0101;M. latissimus dorsi;;Rücken;;Meadows Row;Maschine;Maschine;Landmine;;weight_reps;compound;horizontal_pull;unilateral;true;auto_ok;
EX-0102;MM. rhomboidei;;Rücken;;Rudern mit Schulterblattretraktion;Single Kabelturm|Kurzhantel|Langhantel|Maschine;Single Kabelturm|Kurzhantel|Langhantel|Maschine;Band;;weight_reps;compound;horizontal_pull;bilateral;true;auto_ok;
EX-0103;MM. rhomboidei;;Rücken;;Brustgestütztes Rudern;Kurzhantel|Langhantel|Maschine;Kurzhantel|Langhantel|Maschine;T-Bar;;weight_reps;compound;horizontal_pull;bilateral;true;auto_ok;
EX-0104;MM. rhomboidei;;Rücken;;Band Pull-apart;;Widerstandsband;Obergriff|Untergriff|verschiedene Zughöhen;;reps_only;isolation;shoulder_retraction;bilateral;true;prüfen;"Equipment ergänzt: Widerstandsband; Tracking-Typ fachlich prüfen"
EX-0105;MM. rhomboidei;;Rücken;;Prone T-Raise;Single Kabelturm|Kurzhantel;Single Kabelturm|Kurzhantel;Band;;weight_reps;isolation;shoulder_retraction;bilateral;true;auto_ok;
EX-0106;MM. rhomboidei;;Rücken;;Seal Row;Kurzhantel|Langhantel;Kurzhantel|Langhantel;;;weight_reps;compound;horizontal_pull;bilateral;true;auto_ok;
EX-0107;M. erector spinae;;Rückenstrecker;;Kreuzheben;Trap(Hex) Bar;Trap(Hex) Bar;Block Pull|Defizit|konventionell|Sumo;;weight_reps;compound;hip_hinge;bilateral;true;auto_ok;
EX-0108;M. erector spinae;;Rückenstrecker;;Rumänisches Kreuzheben;Kurzhantel|Langhantel|Multipresse;Kurzhantel|Langhantel|Multipresse;einbeinig;;weight_reps;compound;hip_hinge;bilateral;true;auto_ok;
EX-0109;M. erector spinae;;Rückenstrecker;;Good Morning;Langhantel|Multipresse|Safety Bar;Langhantel|Multipresse|Safety Bar;Band|sitzend/stehend;;weight_reps;compound;hip_hinge;bilateral;true;auto_ok;
EX-0110;M. erector spinae;;Rückenstrecker;;Rückenstrecken / Hyperextension;Maschine;Maschine;45°|gewichtet|GHD|horizontal;;weight_reps;isolation;trunk_extension;bilateral;true;auto_ok;
EX-0111;M. erector spinae;;Rückenstrecker;;Reverse Hyperextension;Bank|Maschine;Bank|Maschine;Band;;weight_reps;isolation;trunk_extension;bilateral;true;prüfen;Klassifikation fachlich gegen gewünschte Library-Logik prüfen
EX-0112;M. erector spinae;;Rückenstrecker;;Jefferson Curl;Single Kabelturm|Kettlebell|Kurzhantel|Langhantel;Single Kabelturm|Kettlebell|Kurzhantel|Langhantel;;;weight_reps;isolation;trunk_flexion;variable;true;prüfen;Klassifikation fachlich gegen gewünschte Library-Logik prüfen
EX-0113;M. erector spinae;;Rückenstrecker;;Bird Dog mit Last;Single Kabelturm|Kurzhantel|Eigengewicht;Single Kabelturm|Kurzhantel|Eigengewicht;Band;;weight_reps;core;stability;bilateral;true;prüfen;"Bewegungsmuster fachlich prüfen; Klassifikation fachlich gegen gewünschte Library-Logik prüfen"
EX-0114;M. erector spinae;;Rückenstrecker;;Superman / Prone Back Extension;Eigengewicht;Eigengewicht;Band|Gewichtsscheibe;;bodyweight_reps;isolation;trunk_extension;bilateral;true;auto_ok;
EX-0115;M. erector spinae;;Rückenstrecker;;Zercher Carry;Langhantel|Sandbag;Langhantel|Sandbag;;;weight_distance;carry;carry;bilateral;true;auto_ok;
EX-0116;M. erector spinae;;Rückenstrecker;;Front Squat mit aufrechter Rumpfspannung;Kettlebell|Langhantel|Safety Bar;Kettlebell|Langhantel|Safety Bar;;;weight_reps;compound;squat;bilateral;true;auto_ok;
EX-0117;M. rectus abdominis;;Core;;Crunch;Bodenschutzmatte|Single Kabelturm|Maschine;Bodenschutzmatte|Single Kabelturm|Maschine;gewichtet;;weight_reps;core;trunk_flexion;bilateral;true;auto_ok;
EX-0118;M. rectus abdominis;;Core;;Sit-up;Bodenschutzmatte;Bodenschutzmatte;gewichtet|GHD|Negativbank;;bodyweight_reps;core;trunk_flexion;bilateral;true;auto_ok;
EX-0119;M. rectus abdominis;;Core;;Reverse Crunch;Bank|Bodenschutzmatte|Single Kabelturm;Bank|Bodenschutzmatte|Single Kabelturm;;;weight_or_bodyweight_reps;core;trunk_flexion;bilateral;true;auto_ok;
EX-0120;M. rectus abdominis;;Core;;Beinheben;Klimmzugstange;Klimmzugstange;gestreckt/angewinkelt|hängend|liegend;;bodyweight_reps;core;hip_flexion;bilateral;true;auto_ok;
EX-0121;M. rectus abdominis;;Core;;Ab-Wheel Rollout;Langhantel|Bodenschutzmatte;Langhantel|Bodenschutzmatte;Ab-Wheel|kniend/stehend;;weight_or_bodyweight_reps;core;anti_extension;bilateral;true;auto_ok;
EX-0122;M. rectus abdominis;;Core;;Body Saw;Bodenschutzmatte;Bodenschutzmatte;TRX|Unterarme;;time;core;anti_extension;bilateral;true;auto_ok;
EX-0123;M. rectus abdominis;;Core;;Hollow Body Hold;Eigengewicht;Eigengewicht;Gewicht über Kopf;;time;isometric;anti_extension;bilateral;true;auto_ok;
EX-0124;M. rectus abdominis;;Core;;Plank;;Eigengewicht|Bodenschutzmatte;gewichtet|klassisch|Long-lever|RKC;;time;isometric;anti_extension;bilateral;true;prüfen;Equipment ergänzt: Eigengewicht|Bodenschutzmatte
EX-0125;M. rectus abdominis;;Core;;Dead Bug;Single Kabelturm|Kurzhantel|Eigengewicht;Single Kabelturm|Kurzhantel|Eigengewicht;Band;;weight_reps;core;anti_extension;bilateral;true;auto_ok;
EX-0126;M. rectus abdominis;;Core;;Dragon Flag;Bank;Bank;regressiv|Stange;;bodyweight_reps;core;anti_extension;bilateral;true;auto_ok;
EX-0127;M. obliquus externus abdominis;;Core;;Russian Twist;Single Kabelturm|Kurzhantel|Medizinball;Single Kabelturm|Kurzhantel|Medizinball;Hantelscheibe;;weight_reps;core;trunk_rotation;bilateral;true;auto_ok;
EX-0128;M. obliquus externus abdominis;;Core;;Woodchopper;;Single Kabelturm;hoch-tief|horizontal|Kabelzug/Band|tief-hoch;;weight_reps;core;trunk_rotation;bilateral;true;prüfen;Equipment ergänzt: Single Kabelturm
EX-0129;M. obliquus externus abdominis;;Core;;Seitbeuge;Single Kabelturm|Kettlebell|Kurzhantel|Maschine;Single Kabelturm|Kettlebell|Kurzhantel|Maschine;;;weight_reps;core;lateral_flexion;unilateral;true;auto_ok;
EX-0130;M. obliquus externus abdominis;;Core;;Side Plank;;Eigengewicht|Bodenschutzmatte;Copenhagen-Variante|gewichtet|Hüftheben|klassisch;;time;isometric;anti_lateral_flexion;bilateral;true;prüfen;Equipment ergänzt: Eigengewicht|Bodenschutzmatte
EX-0131;M. obliquus externus abdominis;;Core;;Pallof Press;Single Kabelturm;Single Kabelturm;Band|kniend/stehend|Overhead;;weight_reps;core;anti_rotation;bilateral;true;auto_ok;
EX-0132;M. obliquus externus abdominis;;Core;;Suitcase Carry;Kettlebell|Kurzhantel;Kettlebell|Kurzhantel;Farmers Handle;;weight_distance;carry;carry;unilateral;true;auto_ok;
EX-0133;M. obliquus externus abdominis;;Core;;Bicycle Crunch;Eigengewicht;Eigengewicht;Band;;bodyweight_reps;core;trunk_rotation;alternating;true;auto_ok;
EX-0134;M. obliquus externus abdominis;;Core;;Landmine Rotation;Langhantel;Langhantel;Full Contact Twist|kniend|stehend;;weight_reps;core;trunk_rotation;bilateral;true;auto_ok;
EX-0135;M. obliquus externus abdominis;;Core;;Hanging Knee Raise mit Rotation;Klimmzugstange;Klimmzugstange;;;bodyweight_reps;core;trunk_rotation;bilateral;true;auto_ok;
EX-0136;M. obliquus internus abdominis;;Core;;Dead Bug mit diagonaler Last;Single Kabelturm|Kurzhantel;Single Kabelturm|Kurzhantel;Band;;weight_reps;core;anti_rotation;bilateral;true;prüfen;Klassifikation fachlich gegen gewünschte Library-Logik prüfen
EX-0137;M. obliquus internus abdominis;;Core;;Bird Dog mit diagonaler Last;Single Kabelturm|Kurzhantel;Single Kabelturm|Kurzhantel;Band;;weight_reps;core;stability;bilateral;true;prüfen;"Bewegungsmuster fachlich prüfen; Klassifikation fachlich gegen gewünschte Library-Logik prüfen"
EX-0138;M. gluteus maximus;;Gesäß;;Hip Thrust;Kurzhantel|Langhantel|Maschine|Multipresse;Kurzhantel|Langhantel|Maschine|Multipresse;Band|einbeinig;;weight_reps;compound;hip_extension;bilateral;true;auto_ok;
EX-0139;M. gluteus maximus;;Gesäß;;Glute Bridge;Kurzhantel|Langhantel|Maschine;Kurzhantel|Langhantel|Maschine;Band|einbeinig;;weight_reps;compound;hip_extension;bilateral;true;auto_ok;
EX-0140;M. gluteus maximus;;Gesäß;;Kniebeuge;Multipresse|Safety Bar|Sandbag;Multipresse|Safety Bar|Sandbag;Back Squat|Front Squat|Goblet;;weight_reps;compound;squat;bilateral;true;auto_ok;
EX-0141;M. gluteus maximus;;Gesäß;;Bulgarian Split Squat;Kettlebell|Kurzhantel|Langhantel|Multipresse;Kettlebell|Kurzhantel|Langhantel|Multipresse;;;weight_reps;compound;squat;bilateral;true;auto_ok;
EX-0142;M. gluteus maximus;;Gesäß;;Ausfallschritt;;Eigengewicht|Kurzhantel|Langhantel;Defizit|gehend|Langhantel/Kurzhantel|rückwärts|seitlich|vorwärts;;weight_reps;compound;lunge;alternating;true;prüfen;Equipment ergänzt: Eigengewicht|Kurzhantel|Langhantel
EX-0143;M. gluteus maximus;;Gesäß;;Step-up;Single Kabelturm|Kurzhantel|Langhantel;Single Kabelturm|Kurzhantel|Langhantel;Bank/Box|hoher Step;;weight_reps;compound;lunge;alternating;true;auto_ok;
EX-0144;M. gluteus maximus;;Gesäß;;45-Grad-Hyperextension mit Glute-Fokus;Eigengewicht|Langhantel;Eigengewicht|Langhantel;Band|Hantelscheibe;;weight_reps;isolation;hip_extension;bilateral;true;auto_ok;
EX-0145;M. gluteus maximus;;Gesäß;;Kabel Pull-through;;Single Kabelturm;Band|Seil;;weight_reps;isolation;hip_hinge;bilateral;true;prüfen;Equipment ergänzt: Single Kabelturm
EX-0146;M. gluteus maximus;;Gesäß;;Reverse Lunge aus erhöhtem Stand;Kurzhantel|Langhantel|Multipresse;Kurzhantel|Langhantel|Multipresse;;;weight_reps;compound;lunge;alternating;true;auto_ok;
EX-0147;M. gluteus maximus;;Gesäß;;Kickback / Hüftextension;Single Kabelturm|Maschine;Single Kabelturm|Maschine;Band|Vierfüßler;;weight_reps;isolation;hip_extension;variable;true;auto_ok;
EX-0148;M. gluteus medius;;Gesäß;;Hüftabduktion;Single Kabelturm|Maschine;Single Kabelturm|Maschine;Band|Seitenlage|stehend;;weight_reps;isolation;hip_abduction;variable;true;auto_ok;
EX-0149;M. gluteus medius;;Gesäß;;Lateral Band Walk;;Widerstandsband;Mini-Band an Knie/Knöchel/Fuß|Monster Walk;;distance_time;stability;hip_abduction;bilateral;true;prüfen;"Equipment ergänzt: Widerstandsband; Tracking-Typ fachlich prüfen"
EX-0150;M. gluteus medius;;Gesäß;;Side Plank mit Hüftabduktion;Eigengewicht;Eigengewicht;Band|Knöchelgewicht;;time;isometric;hip_abduction;variable;true;auto_ok;
EX-0151;M. gluteus medius;;Gesäß;;Pelvic Drop / Hip Hike;Single Kabelturm;Single Kabelturm;Gewicht|Stufe;;weight_reps;stability;hip_abduction;bilateral;true;auto_ok;
EX-0152;M. gluteus medius;;Gesäß;;Einbeinige Kniebeuge;;Eigengewicht;Box Squat|Pistol Squat|Skater Squat|TRX-unterstützt;;bodyweight_reps;compound;squat;unilateral;true;prüfen;Equipment ergänzt: Eigengewicht
EX-0153;M. gluteus medius;;Gesäß;;Step-down;;Eigengewicht;lateral|verschiedene Höhen|vorwärts;;bodyweight_reps;compound;lunge;alternating;true;prüfen;Equipment ergänzt: Eigengewicht
EX-0154;M. gluteus medius;M. semimembranosus;Gesäß;Hamstrings;Einbeiniges rumänisches Kreuzheben;Single Kabelturm|Kettlebell|Kurzhantel|Langhantel;Single Kabelturm|Kettlebell|Kurzhantel|Langhantel;;Einbeiniges Kreuzheben|Single-leg Romanian Deadlift;weight_reps;compound;hip_hinge;unilateral;true;auto_ok;
EX-0155;M. gluteus medius;;Gesäß;;Copenhagen Side Plank;;Eigengewicht|Bank;dynamisch|kurzer/langer Hebel;;time;isometric;hip_abduction;bilateral;true;prüfen;"Equipment ergänzt: Eigengewicht|Bank; Klassifikation fachlich gegen gewünschte Library-Logik prüfen"
EX-0156;M. gluteus medius;M. tensor fasciae latae;Gesäß;Hüfte/Hüftbeuger;Seitlicher Step-up;Kurzhantel;Kurzhantel;Box/Bank|Lateral / seitlich;Lateral Step-up|Side Step-up;weight_reps;compound;lunge;unilateral;true;auto_ok;
EX-0157;M. gluteus medius;;Gesäß;;Curtsy Lunge;Single Kabelturm|Kurzhantel|Langhantel;Single Kabelturm|Kurzhantel|Langhantel;;;weight_reps;compound;lunge;unilateral;true;auto_ok;
EX-0158;M. gluteus minimus;;Gesäß;;Innenrotationsbetonte Hüftabduktion;Single Kabelturm;Single Kabelturm;Band|Seitenlage;;weight_reps;isolation;hip_abduction;variable;true;auto_ok;
EX-0159;M. adductor longus;;Adduktoren;;Hüftadduktion;Single Kabelturm;Single Kabelturm;Adduktorenmaschine|Band|Seitenlage;;weight_reps;isolation;hip_adduction;variable;true;auto_ok;
EX-0160;M. adductor longus;;Adduktoren;;Copenhagen Adduction / Copenhagen Plank;;Eigengewicht|Bank;dynamisch/isometrisch|kurzer/langer Hebel;;time;isometric;hip_adduction;bilateral;true;prüfen;Equipment ergänzt: Eigengewicht|Bank
EX-0161;M. adductor longus;;Adduktoren;;Sumo-Kniebeuge;Kettlebell|Kurzhantel|Langhantel|Multipresse;Kettlebell|Kurzhantel|Langhantel|Multipresse;;;weight_reps;compound;squat;bilateral;true;auto_ok;
EX-0162;M. adductor longus;;Adduktoren;;Sumo-Kreuzheben;Kettlebell|Langhantel|Trap(Hex) Bar;Kettlebell|Langhantel|Trap(Hex) Bar;;;weight_reps;compound;hip_hinge;bilateral;true;auto_ok;
EX-0163;M. adductor longus;;Adduktoren;;Seitlicher Ausfallschritt;Kurzhantel|Langhantel|Bodenschutzmatte;Kurzhantel|Langhantel|Bodenschutzmatte;Landmine;;weight_reps;compound;lunge;unilateral;true;auto_ok;
EX-0164;M. adductor longus;;Adduktoren;;Cossack Squat;Kettlebell|Eigengewicht|Langhantel;Kettlebell|Eigengewicht|Langhantel;;;weight_reps;compound;squat;bilateral;true;auto_ok;
EX-0165;M. adductor longus;;Adduktoren;;Adductor Slide;Single Kabelturm|Bodenschutzmatte;Single Kabelturm|Bodenschutzmatte;Handtuch;;weight_or_bodyweight_reps;isolation;hip_adduction;bilateral;true;auto_ok;
EX-0166;M. adductor longus;;Adduktoren;;Ball Squeeze / isometrische Adduktion;;Ball;Ball|Block|Pilates-Ring;;time;isometric;hip_adduction;bilateral;true;prüfen;Equipment ergänzt: Ball
EX-0167;M. adductor magnus;;Adduktoren;;Breitbeinige Beinpresse;;Maschine;45°|einbeinig|horizontal;;weight_reps;compound;squat;bilateral;true;prüfen;Equipment ergänzt: Maschine
EX-0168;M. adductor magnus;;Adduktoren;;Hip Thrust mit breitem Stand;Langhantel|Maschine|Multipresse;Langhantel|Maschine|Multipresse;;;weight_reps;compound;hip_extension;bilateral;true;auto_ok;
EX-0169;M. pectineus;;Adduktoren;;Stehende Hüftflexion mit Adduktion;Single Kabelturm;Single Kabelturm;Band|Knöchelgewicht;;weight_reps;isolation;hip_flexion;variable;true;auto_ok;
EX-0170;M. pectineus;;Adduktoren;;Ball Squeeze mit Hüftflexion;;Ball;Ball/Pilates-Ring|sitzend oder Rückenlage;;reps_only;isolation;hip_adduction;variable;true;prüfen;"Equipment ergänzt: Ball; Tracking-Typ fachlich prüfen; Klassifikation fachlich gegen gewünschte Library-Logik prüfen"
EX-0171;M. pectineus;M. sartorius;Adduktoren;Hüfte/Hüftbeuger;Diagonaler Kniehub;Single Kabelturm;Single Kabelturm;Band|Hüftflexion-Abduktion-Außenrotation|Knöchelgewicht|stehend;Diagonal Knee Drive|Diagonal Knee Drive / Hüftflexion-Abduktion-Außenrotation;weight_reps;isolation;hip_flexion;bilateral;true;auto_ok;
EX-0172;M. gracilis;;Adduktoren;;Beinbeuger mit adduziertem Bein;Maschine|Bodenschutzmatte;Maschine|Bodenschutzmatte;;;weight_reps;isolation;knee_flexion;bilateral;true;auto_ok;
EX-0173;M. iliopsoas;;Hüfte/Hüftbeuger;;Hüftflexion im Stand;Single Kabelturm|Maschine;Single Kabelturm|Maschine;Band|Knöchelgewicht;;weight_reps;isolation;hip_flexion;variable;true;auto_ok;
EX-0174;M. iliopsoas;;Hüfte/Hüftbeuger;;Hängendes Knieheben;Klimmzugstange;Klimmzugstange;;;bodyweight_reps;isolation;hip_flexion;bilateral;true;auto_ok;
EX-0175;M. iliopsoas;;Hüfte/Hüftbeuger;;Liegendes Beinheben;Bank|Bodenschutzmatte|Single Kabelturm;Bank|Bodenschutzmatte|Single Kabelturm;Knöchelgewichte;;weight_or_bodyweight_reps;isolation;hip_flexion;bilateral;true;auto_ok;
EX-0176;M. iliopsoas;;Hüfte/Hüftbeuger;;Seated Leg Lift / Pike Compression;Bodenschutzmatte|Dipstangen;Bodenschutzmatte|Dipstangen;Gewichte an Füßen;;bodyweight_reps;isolation;hip_flexion;bilateral;true;auto_ok;
EX-0177;M. iliopsoas;;Hüfte/Hüftbeuger;;Mountain Climber;Bodenschutzmatte;Bodenschutzmatte;Band|TRX;;bodyweight_reps;conditioning;hip_flexion;alternating;true;auto_ok;
EX-0178;M. iliopsoas;;Hüfte/Hüftbeuger;;Marching Hip Flexion;Single Kabelturm;Single Kabelturm;Band um Füße|stehend/Rückenlage;;weight_reps;isolation;hip_flexion;alternating;true;auto_ok;
EX-0179;M. iliopsoas;;Hüfte/Hüftbeuger;;Reverse Squat am Kabel;Single Kabelturm;Single Kabelturm;Band;;weight_reps;compound;squat;bilateral;true;auto_ok;
EX-0180;M. iliopsoas;M. sartorius;Hüfte/Hüftbeuger;Hüfte/Hüftbeuger;Step-up mit Kniehub;Single Kabelturm|Kurzhantel;Single Kabelturm|Kurzhantel;Bank/Box|Box/Bank|Kniehub / Knee Drive;Step-up mit Knee Drive;weight_reps;compound;lunge;alternating;true;auto_ok;
EX-0181;M. iliopsoas;;Hüfte/Hüftbeuger;;L-Sit;Dipstangen|Klimmzugstange;Dipstangen|Klimmzugstange;tuck/gestreckt;;time;isometric;hip_flexion;bilateral;true;auto_ok;
EX-0182;M. sartorius;;Hüfte/Hüftbeuger;;Curtsy Lunge mit Kniehub;Single Kabelturm|Kurzhantel|Eigengewicht;Single Kabelturm|Kurzhantel|Eigengewicht;;;weight_reps;compound;lunge;unilateral;true;auto_ok;
EX-0183;M. sartorius;;Hüfte/Hüftbeuger;;Clamshell mit Hüftflexion;;Eigengewicht|Widerstandsband;Band|Knöchelgewicht;;reps_only;stability;hip_abduction;variable;true;prüfen;"Equipment ergänzt: Eigengewicht|Widerstandsband; Tracking-Typ fachlich prüfen"
EX-0184;M. sartorius;;Hüfte/Hüftbeuger;;Figure-4 Leg Lift;Eigengewicht;Eigengewicht;Band|Knöchelgewicht;;bodyweight_reps;isolation;hip_flexion;bilateral;true;auto_ok;
EX-0185;M. sartorius;;Hüfte/Hüftbeuger;;Cross-body Mountain Climber;Bodenschutzmatte;Bodenschutzmatte;TRX;;bodyweight_reps;conditioning;hip_flexion;unilateral;true;auto_ok;
EX-0186;M. sartorius;;Hüfte/Hüftbeuger;;Schneidersitz-Hüftflexion gegen Widerstand;Single Kabelturm;Single Kabelturm;Band|manuelle Gegenkraft;;reps_only;isolation;hip_flexion;variable;true;prüfen;Tracking-Typ fachlich prüfen
EX-0187;M. quadriceps femoris;;Quadrizeps;;Beinpresse;;Maschine;45°|einbeinig|horizontal|verschiedene Fußpositionen|vertikal;;weight_reps;compound;squat;bilateral;true;prüfen;Equipment ergänzt: Maschine
EX-0188;M. quadriceps femoris;;Quadrizeps;;Beinstrecker;Single Kabelturm|Maschine;Single Kabelturm|Maschine;Band|einbeinig/beidbeinig;;weight_reps;isolation;knee_extension;bilateral;true;auto_ok;
EX-0189;M. quadriceps femoris;;Quadrizeps;;Hack Squat;Maschine;Maschine;Landmine Hack Squat|Pendulum Squat;;weight_reps;compound;squat;bilateral;true;auto_ok;
EX-0190;M. quadriceps femoris;;Quadrizeps;;Sissy Squat;Eigengewicht|Maschine;Eigengewicht|Maschine;belastet|Hackenschmidt;;weight_or_bodyweight_reps;compound;knee_extension;bilateral;true;auto_ok;
EX-0191;M. quadriceps femoris;;Quadrizeps;;Spanish Squat;Single Kabelturm;Single Kabelturm;Band|Gurt;;weight_reps;compound;knee_extension;bilateral;true;auto_ok;
EX-0192;M. quadriceps femoris;;Quadrizeps;;Reverse Nordic Curl;Eigengewicht;Eigengewicht;Band|gewichtet;;bodyweight_reps;isolation;knee_extension;variable;true;auto_ok;
EX-0193;M. quadriceps femoris;;Quadrizeps;;Cyclist Squat / Fersen erhöhte Kniebeuge;Kurzhantel|Langhantel|Multipresse;Kurzhantel|Langhantel|Multipresse;;;weight_reps;compound;squat;bilateral;true;auto_ok;
EX-0194;M. quadriceps femoris;;Quadrizeps;;Wall Sit;Eigengewicht;Eigengewicht;einbeinig|Gewichtsscheibe;;time;isometric;squat;bilateral;true;auto_ok;
EX-0195;M. tensor fasciae latae;;Hüfte/Hüftbeuger;;Hüftabduktion mit leichter Hüftflexion;Single Kabelturm|Maschine;Single Kabelturm|Maschine;Band|Seitenlage;;weight_reps;isolation;hip_abduction;variable;true;auto_ok;
EX-0196;M. tensor fasciae latae;;Hüfte/Hüftbeuger;;Stehende Hüftflexion-Abduktion;Single Kabelturm;Single Kabelturm;Band|Knöchelgewicht;;weight_reps;isolation;hip_flexion;variable;true;auto_ok;
EX-0197;M. tensor fasciae latae;;Hüfte/Hüftbeuger;;Einbeiniger Wall Sit mit Abduktionsdruck;;Eigengewicht;Ball an Wand|Band;;time;isometric;squat;unilateral;true;prüfen;"Equipment ergänzt: Eigengewicht; Klassifikation fachlich gegen gewünschte Library-Logik prüfen"
EX-0198;M. tensor fasciae latae;;Hüfte/Hüftbeuger;;Lateral Step-down;;Eigengewicht;Gewicht|Stufe;;bodyweight_reps;compound;lunge;unilateral;true;prüfen;Equipment ergänzt: Eigengewicht
EX-0199;M. biceps femoris;;Hamstrings;;Beinbeuger;Single Kabelturm|Maschine;Single Kabelturm|Maschine;Band|einbeinig|liegend|sitzend|stehend;;weight_reps;isolation;knee_flexion;bilateral;true;auto_ok;
EX-0200;M. biceps femoris;;Hamstrings;;Nordic Hamstring Curl;Eigengewicht;Eigengewicht;Bandunterstützung|gewichtet;;bodyweight_reps;isolation;knee_flexion;variable;true;auto_ok;
EX-0201;M. biceps femoris;;Hamstrings;;Glute-Ham Raise;;GHD;GHD|Nordic-Bank|unterstützt;;bodyweight_reps;isolation;knee_flexion;bilateral;true;prüfen;Equipment ergänzt: GHD
EX-0202;M. biceps femoris;;Hamstrings;;Swiss-Ball Leg Curl;;Gymnastikball;beidbeinig|einbeinig;;bodyweight_reps;isolation;knee_flexion;variable;true;prüfen;Equipment ergänzt: Gymnastikball
EX-0203;M. biceps femoris;;Hamstrings;;Slider Leg Curl;Bodenschutzmatte;Bodenschutzmatte;beid-/einbeinig|Handtuch;;bodyweight_reps;isolation;knee_flexion;variable;true;auto_ok;
EX-0204;M. biceps femoris;;Hamstrings;;Kettlebell Swing;Kettlebell|Kurzhantel;Kettlebell|Kurzhantel;Band;;weight_reps;compound;hip_hinge;bilateral;true;auto_ok;
EX-0205;M. biceps femoris;;Hamstrings;;45-Grad-Hyperextension mit Hamstring-Fokus;Eigengewicht|Langhantel;Eigengewicht|Langhantel;Scheibe;;weight_reps;isolation;hip_hinge;bilateral;true;auto_ok;
EX-0206;M. tibialis anterior;;Unterschenkel/Fuß;;Dorsalflexion gegen Widerstand;Single Kabelturm;Single Kabelturm;Band|Gewicht am Fuß|Tib-Bar;;reps_only;isolation;dorsiflexion;bilateral;true;prüfen;Tracking-Typ fachlich prüfen
EX-0207;M. tibialis anterior;;Unterschenkel/Fuß;;Tibialis Raise;Maschine;Maschine;an Wand|auf Keil|einbeinig|Tib-Bar;;weight_reps;isolation;dorsiflexion;bilateral;true;auto_ok;
EX-0208;M. tibialis anterior;;Unterschenkel/Fuß;;Fersengang / Heel Walk;;Eigengewicht;mit Gewichtsweste|rückwärts|vorwärts;;distance_time;isolation;locomotion;bilateral;true;prüfen;"Equipment ergänzt: Eigengewicht; Tracking-Typ fachlich prüfen"
EX-0209;M. tibialis anterior;;Unterschenkel/Fuß;;Toe Raise im Sitzen;Eigengewicht|Maschine;Eigengewicht|Maschine;Gewicht auf Vorfuß;;weight_reps;isolation;dorsiflexion;bilateral;true;auto_ok;
EX-0210;M. tibialis anterior;;Unterschenkel/Fuß;;Dorsalflexion mit Inversion;Single Kabelturm;Single Kabelturm;Band;;weight_reps;isolation;dorsiflexion;bilateral;true;auto_ok;
EX-0211;M. tibialis anterior;;Unterschenkel/Fuß;;Isometrischer Dorsalflexionshalt;Single Kabelturm;Single Kabelturm;Band|manuelle Gegenkraft;;weight_time;isometric;dorsiflexion;bilateral;true;auto_ok;
EX-0212;M. extensor digitorum longus;;Unterarme;;Zehenextension II–V gegen Widerstand;;Widerstandsband;Band|Therapieknete|Zehen-Extensor-Trainer;;reps_only;isolation;toe_extension;bilateral;true;prüfen;"Equipment ergänzt: Widerstandsband; Tracking-Typ fachlich prüfen"
EX-0213;M. extensor digitorum longus;;Unterarme;;Dorsalflexion mit Eversion;Single Kabelturm;Single Kabelturm;Band|Knöchelmanschette;;weight_reps;isolation;dorsiflexion;bilateral;true;auto_ok;
EX-0214;M. extensor digitorum longus;;Unterarme;;Tibialis Raise mit aktiver Zehenstreckung;Maschine;Maschine;Tib-Bar|Wand;;weight_reps;isolation;dorsiflexion;bilateral;true;auto_ok;
EX-0215;M. extensor digitorum longus;;Unterarme;;Fersengang mit angehobenen Zehen;;Eigengewicht;Gewichtsweste|rückwärts|vorwärts;;distance_time;isolation;locomotion;bilateral;true;prüfen;"Equipment ergänzt: Eigengewicht; Tracking-Typ fachlich prüfen"
EX-0216;M. extensor digitorum longus;;Unterarme;;Isometrische Zehenextension II–V;;Widerstandsband;Band|manuelle Gegenkraft;;time;isometric;toe_extension;bilateral;true;prüfen;Equipment ergänzt: Widerstandsband
EX-0217;M. extensor hallucis longus;;Unterschenkel/Fuß;;Großzehenextension gegen Widerstand;;Widerstandsband;manuelle Gegenkraft|Mini-Band|Therapieknete;;reps_only;isolation;toe_extension;bilateral;true;prüfen;"Equipment ergänzt: Widerstandsband; Tracking-Typ fachlich prüfen"
EX-0218;M. extensor hallucis longus;;Unterschenkel/Fuß;;Dorsalflexion mit betonter Großzehenextension;Single Kabelturm;Single Kabelturm;Band|Knöchelmanschette;;weight_reps;isolation;dorsiflexion;bilateral;true;auto_ok;
EX-0219;M. extensor hallucis longus;;Unterschenkel/Fuß;;Tibialis Raise mit aktiv angehobener Großzehe;Maschine;Maschine;Tib-Bar|Wand;;weight_reps;isolation;dorsiflexion;bilateral;true;auto_ok;
EX-0220;M. extensor hallucis longus;;Unterschenkel/Fuß;;Fersengang mit angehobener Großzehe;;Eigengewicht;rückwärts|vorwärts;;distance_time;isolation;locomotion;bilateral;true;prüfen;"Equipment ergänzt: Eigengewicht; Tracking-Typ fachlich prüfen"
EX-0221;M. extensor hallucis longus;;Unterschenkel/Fuß;;Isometrische Großzehenextension;;Widerstandsband;Band|manuelle Gegenkraft;;time;isometric;toe_extension;bilateral;true;prüfen;Equipment ergänzt: Widerstandsband
EX-0222;M. soleus;;Waden;;Sitzendes Wadenheben;Kurzhantel|Langhantel|Maschine|Multipresse;Kurzhantel|Langhantel|Maschine|Multipresse;einbeinig;;weight_reps;isolation;plantar_flexion;variable;true;auto_ok;
EX-0223;M. soleus;;Waden;;Wadenheben mit gebeugtem Knie;Single Kabelturm;Single Kabelturm;Band|Beinpresse|Smith Machine;;weight_reps;isolation;plantar_flexion;variable;true;auto_ok;
EX-0224;M. soleus;;Waden;;Soleus Raise an der Wand;Eigengewicht;Eigengewicht;einbeinig|Zusatzgewicht;;bodyweight_reps;isolation;plantar_flexion;bilateral;true;auto_ok;
EX-0225;M. soleus;;Waden;;Bent-knee Calf Raise auf Stufe;Kettlebell|Kurzhantel;Kettlebell|Kurzhantel;Gewichtsweste;;weight_reps;isolation;plantar_flexion;variable;true;auto_ok;
EX-0226;M. soleus;;Waden;;Isometrischer Soleus-Halt;;Eigengewicht;gebeugtes Knie|Wand/Beinpresse|Zusatzgewicht;;time;isometric;plantar_flexion;bilateral;true;prüfen;Equipment ergänzt: Eigengewicht
EX-0227;M. soleus;;Waden;;Schlittenziehen rückwärts mit Plantarflexionsfokus;;Schlitten;Laufband ausgeschaltet|Schlitten;;weight_distance;conditioning;locomotion;bilateral;true;prüfen;Equipment ergänzt: Schlitten
EX-0228;M. peroneus longus;;Unterschenkel/Fuß;;Fußeversion gegen Widerstand;Single Kabelturm;Single Kabelturm;Band|Knöchelmanschette;;reps_only;isolation;ankle_eversion;bilateral;true;prüfen;Tracking-Typ fachlich prüfen
EX-0229;M. peroneus longus;;Unterschenkel/Fuß;;Wadenheben mit Eversions-/Druckfokus auf ersten Strahl;;Eigengewicht;Beinpresse|einbeinig|stehend;;bodyweight_reps;isolation;plantar_flexion;variable;true;prüfen;"Equipment ergänzt: Eigengewicht; Klassifikation fachlich gegen gewünschte Library-Logik prüfen"
EX-0230;M. peroneus longus;;Unterschenkel/Fuß;;Einbeiniger Balance-Hold mit Eversionskontrolle;;Eigengewicht;Balance-Pad|Bosu|Gewicht;;time;isometric;ankle_eversion;unilateral;true;prüfen;Equipment ergänzt: Eigengewicht
EX-0231;M. peroneus longus;;Unterschenkel/Fuß;;Lateral Step / Side Walk auf Vorfuß;;Eigengewicht;Band|Gewichtsweste;;distance_time;isolation;locomotion;bilateral;true;prüfen;"Equipment ergänzt: Eigengewicht; Tracking-Typ fachlich prüfen"
EX-0232;M. peroneus longus;;Unterschenkel/Fuß;;Eversions-Isometrie;;Widerstandsband;Band|manuelle Gegenkraft|Wand;;time;isometric;ankle_eversion;bilateral;true;prüfen;Equipment ergänzt: Widerstandsband
EX-0233;M. peroneus longus;;Unterschenkel/Fuß;;Heel Raise mit Ball zwischen Fersen und Druck über Großzehenballen;;Eigengewicht|Ball;stehend|Stufe|Zusatzgewicht;;bodyweight_reps;isolation;plantar_flexion;bilateral;true;prüfen;"Equipment ergänzt: Eigengewicht|Ball; Klassifikation fachlich gegen gewünschte Library-Logik prüfen"
EX-0234;M. peroneus brevis;;Unterschenkel/Fuß;;Eversion mit leichter Dorsalflexion;Single Kabelturm;Single Kabelturm;Band;;weight_reps;isolation;dorsiflexion;bilateral;true;auto_ok;
EX-0235;M. peroneus brevis;;Unterschenkel/Fuß;;Einbeiniger Balance-Hold mit lateraler Stabilisation;;Eigengewicht;Balance-Pad|Bosu|Gewicht;;time;isometric;ankle_eversion;unilateral;true;prüfen;Equipment ergänzt: Eigengewicht
EX-0236;M. peroneus brevis;;Unterschenkel/Fuß;;Lateral Step-down mit Fußgewölbekontrolle;;Eigengewicht;Stufe|Zusatzgewicht;;bodyweight_reps;compound;ankle_eversion;unilateral;true;prüfen;"Equipment ergänzt: Eigengewicht; Klassifikation fachlich gegen gewünschte Library-Logik prüfen"
EX-0237;M. peroneus brevis;;Unterschenkel/Fuß;;Seitlicher Vorfußgang;;Eigengewicht;Band|Gewichtsweste;;distance_time;isolation;locomotion;bilateral;true;prüfen;"Equipment ergänzt: Eigengewicht; Tracking-Typ fachlich prüfen"
EX-0238;M. gastrocnemius;;Waden;;Stehendes Wadenheben;Kurzhantel|Langhantel|Maschine|Multipresse;Kurzhantel|Langhantel|Maschine|Multipresse;einbeinig;;weight_reps;isolation;plantar_flexion;variable;true;auto_ok;
EX-0239;M. gastrocnemius;;Waden;;Wadenheben an der Beinpresse;;Maschine;45°|einbeinig|horizontal;;weight_reps;compound;plantar_flexion;variable;true;prüfen;Equipment ergänzt: Maschine
EX-0240;M. gastrocnemius;;Waden;;Donkey Calf Raise;Maschine;Maschine;Hüftgurt|Partner/Gewicht;;weight_reps;isolation;plantar_flexion;variable;true;auto_ok;
EX-0241;M. gastrocnemius;;Waden;;Calf Raise auf Stufe mit gestrecktem Knie;Kettlebell|Kurzhantel;Kettlebell|Kurzhantel;Gewichtsweste;;weight_reps;isolation;plantar_flexion;variable;true;auto_ok;
EX-0242;M. gastrocnemius;;Waden;;Pogo Jumps / Ankle Hops;;Eigengewicht;beidbeinig|einbeinig|vorwärts/seitlich;;time_or_reps;plyometric;locomotion;bilateral;true;prüfen;"Equipment ergänzt: Eigengewicht; Tracking-Typ fachlich prüfen"
EX-0243;M. gastrocnemius;;Waden;;Seilspringen;;Springseil;beidbeinig|einbeinig|wechselnd;;time_or_reps;conditioning;locomotion;bilateral;true;prüfen;"Equipment ergänzt: Springseil; Tracking-Typ fachlich prüfen"
EX-0244;M. gastrocnemius;;Waden;;Farmer Walk auf Zehenspitzen;Kettlebell|Kurzhantel;Kettlebell|Kurzhantel;Farmers Handles;;weight_distance;carry;carry;bilateral;true;auto_ok;
EX-0245;M. gastrocnemius;;Waden;;Isometrischer Wadenhalt mit gestrecktem Knie;;Eigengewicht;beidbeinig|einbeinig|Zusatzgewicht;;time;isometric;plantar_flexion;bilateral;true;prüfen;Equipment ergänzt: Eigengewicht
